{
  "VIRB0391.MP4": 0.7195004803073968,
  "VIRB0392.MP4": 1.852852852852853,
  "VIRB0393.MP4": 0.8806866952789699,
  "VIRB0394.MP4": 1.8625,
  "VIRB0395.MP4": 1.010625737898465,
  "VIRB0396.MP4": 1.6529968454258674,
  "VIRB0397.MP4": 0.8,
  "VIRB0398.MP4": 1.0753655793025871,
  "VIRB0399.MP4": 2.0033244680851063,
  "VIRB0400.MP4": 2.8935969868173257,
  "VIRB0401.MP4": 1.4341372912801484,
  "VIRB0402.MP4": 1.2556255625562556,
  "VIRB0403.MP4": 1.5958472376714867,
  "VIRB0404.MP4": 2.3476425052779732,
  "VIRB0405.MP4": 0.7354294478527608,
  "VIRB0406.MP4": 1.7873399715504978,
  "VIRB0407.MP4": 2.5670781893004113,
  "GOPR5818.MP4": 2.377049180327869,
  "GOPR5819.MP4": 2.048799085017156,
  "GOPR5820.MP4": 3.013215859030837,
  "GOPR5821.MP4": 1.4890199934447723,
  "GOPR5822.MP4": 0.8949127367248422,
  "GOPR5823.MP4": 0.5460966542750929,
  "GOPR5824.MP4": 1.0564171122994652,
  "GOPR5825.MP4": 3.928341384863124,
  "GOPR5826.MP4": 0.6275071633237822,
  "GOPR5827.MP4": 1.3468586387434556,
  "GOPR5828.MP4": 2.3049353701527613,
  "GOPR5829.MP4": 1.6757344940152339,
  "GOPR5830.MP4": 2.2899159663865545,
  "GOPR5831.MP4": 2.0471544715447156,
  "GOPR5832.MP4": 2.4472573839662446,
  "20180206_111544.mp4": 1.017426273458445,
  "20180206_111645.mp4": 0.9462025316455697,
  "20180206_111817.mp4": 1.6154806491885143,
  "20180206_111931.mp4": 1.3775351014040562,
  "20180206_112306.mp4": 1.0853462157809983,
  "20180206_112452.mp4": 1.6793760831889082,
  "20180206_112658.mp4": 1.288515406162465,
  "20180206_112930.mp4": 2.637176050044683,
  "20180206_113059.mp4": 1.3440514469453375,
  "20180206_113600.mp4": 2.269729093050648,
  "20180206_113716.mp4": 2.7398601398601397,
  "20180206_113800.mp4": 3.230088495575221,
  "20180206_114009.mp4": 3.1534391534391535,
  "20180206_114306.mp4": 2.296218487394958,
  "20180206_114408.mp4": 2.726600985221675,
  "20180206_114506.mp4": 1.6807692307692308,
  "20180206_114604.mp4": 1.2972972972972974,
  "20180206_114638.mp4": 2.0757749712973594,
  "20180206_114720.mp4": 3.2994858611825193,
  "GOPR1921.MP4": 2.6944444444444446,
  "GOPR1922.MP4": 0.9689922480620154,
  "GOPR1923.MP4": 7.0,
  "GOPR1924.MP4": 5.027777777777778,
  "GOPR1925.MP4": 2.388888888888889,
  "GOPR1926.MP4": 2.9166666666666665,
  "GOPR1927.MP4": 2.0833333333333335,
  "GOPR1928.MP4": 6.25,
  "GOPR1929.MP4": 7.527777777777778,
  "GOPR1930.MP4": 5.777777777777778,
  "GOPR1931.MP4": 6.25,
  "GOPR1932.MP4": 3.1666666666666665,
  "GOPR1933.MP4": 5.972222222222222,
  "GOPR1934.MP4": 0.0,
  "GOPR1935.MP4": 0.0,
  "GOPR1936.MP4": 6.888888888888889,
  "GOPR1937.MP4": 4.555555555555555,
  "GOPR1938.MP4": 0.0,
  "GOPR1939.MP4": 0.19444444444444445,
  "GOPR1940.MP4": 3.4722222222222223,
  "GOPR1941.MP4": 2.361111111111111,
  "GOPR1942.MP4": 3.6944444444444446,
  "GOPR1943.MP4": 2.5833333333333335,
  "GOPR1944.MP4": 4.0,
  "IMG_3799.MOV": 1.1589403973509933,
  "IMG_3800.MOV": 0.6570397111913358,
  "IMG_3801.MOV": 0.9558823529411765,
  "IMG_3802.MOV": 0.8508771929824561,
  "IMG_3803.MOV": 0.28169014084507044,
  "IMG_3804.MOV": 0.6103896103896104,
  "IMG_3805.MOV": 0.4648648648648649,
  "IMG_3806.MOV": 0.1834319526627219,
  "IMG_3807.MOV": 0.9084967320261438,
  "IMG_3808.MOV": 0.8797327394209354,
  "IMG_3809.MOV": 1.4125412541254125,
  "IMG_3810.MOV": 0.7263513513513513,
  "IMG_3811.MOV": 0.0,
  "IMG_3812.MOV": 0.9124236252545825,
  "IMG_3813.MOV": 0.7722513089005235,
  "IMG_3814.MOV": 1.0076923076923077,
  "IMG_3815.MOV": 1.0032154340836013,
  "IMG_3816.MOV": 0.9818181818181818,
  "IMG_3817.MOV": 2.0637450199203187,
  "IMG_3818.MOV": 0.5519287833827893,
  "IMG_3819.MOV": 0.7166666666666667,
  "GOPR1947.MP4": 1.2081218274111676,
  "GOPR1948.MP4": 0.0,
  "GOPR2039.MP4": 1.6111111111111112,
  "GOPR2041.MP4": 2.1666666666666665,
  "GOPR2042.MP4": 2.9411764705882355,
  "GOPR2043.MP4": 2.9722222222222223,
  "GOPR2044.MP4": 2.9849246231155777,
  "GOPR2045.MP4": 2.4444444444444446,
  "GOPR2046.MP4": 1.5,
  "GOPR2047.MP4": 0.8611111111111112,
  "GOPR2048.MP4": 2.2222222222222223,
  "GOPR2049.MP4": 1.0833333333333333,
  "GOPR2050.MP4": 1.0,
  "GOPR2051.MP4": 0.0,
  "GOPR2052.MP4": 0.05555555555555555,
  "GOPR2040.MP4": 0.027777777777777776,
  "IMG_9620.MOV": 0.3722438391699092,
  "IMG_9621.MOV": 0.41448692152917505,
  "IMG_9622.MOV": 0.8649350649350649,
  "IMG_9623.MOV": 0.5029013539651838,
  "IMG_9624.MOV": 0.7018518518518518,
  "IMG_9625.MOV": 0.5108958837772397,
  "IMG_9626.MOV": 0.6121212121212121,
  "IMG_9627.MOV": 0.5862068965517241,
  "IMG_9628.MOV": 0.3505291005291005,
  "IMG_9629.MOV": 0.5924453280318092,
  "IMG_9630.MOV": 0.28292682926829266,
  "IMG_9631.MOV": 0.4735023041474654,
  "IMG_9641.mov": 0.7165775401069518,
  "IMG_9642.MOV": 0.5045454545454545,
  "IMG_7842.MOV": 0.24528301886792453,
  "IMG_7843.MOV": 0.244,
  "IMG_7844.MOV": 0.5103092783505154,
  "IMG_7845.MOV": 1.0,
  "IMG_7847.MOV": 1.0,
  "IMG_7848.MOV": 1.0,
  "IMG_7850.MOV": 1.0,
  "IMG_7851.MOV": 0.5036231884057971,
  "IMG_7852.MOV": 0.6981132075471698,
  "IMG_7853.MOV": 2.3881278538812785,
  "IMG_7854.MOV": 0.704,
  "IMG_7855.MOV": 0.8553191489361702,
  "IMG_7856.MOV": 1.0,
  "IMG_7857.MOV": 1.435897435897436,
  "IMG_7858.MOV": 0.5361111111111111,
  "VIRB0411.MP4": 0.9066265060240963,
  "VIRB0412.MP4": 0.5054602184087363,
  "VIRB0413.MP4": 0.7835990888382688,
  "VIRB0414.MP4": 0.3883029721955896,
  "VIRB0415.MP4": 2.7994011976047903,
  "VIRB0416.MP4": 1.832191780821918,
  "VIRB0417.MP4": 1.1734006734006734,
  "VIRB0418.MP4": 0.11434977578475336,
  "VIRB0419.MP4": 1.0,
  "VIRB0420.MP4": 1.8470948012232415,
  "VIRB0421.MP4": 1.8853754940711462,
  "VIRB0422.MP4": 2.515463917525773,
  "VIRB0423.MP4": 0.3590504451038576,
  "VIRB0424.MP4": 0.0,
  "VIRB0425.MP4": 0.6367432150313153,
  "VIRB0426.MP4": 0.9437340153452686,
  "VIRB0427.MP4": 1.1314553990610328,
  "VIRB0428.MP4": 0.57421875,
  "IMG_2646.MOV": 1.148870636550308,
  "IMG_2647.MOV": 0.9040307101727447,
  "IMG_2648.MOV": 0.5244299674267101,
  "IMG_2649.MOV": 1.1445603576751118,
  "IMG_2652.MOV": 0.8021077283372365,
  "IMG_2653.MOV": 0.6617842876165113,
  "IMG_2655.MOV": 0.6335766423357664,
  "IMG_2656.MOV": 0.7439916405433646,
  "IMG_2657.MOV": 1.1272727272727272,
  "IMG_2658.MOV": 0.5170278637770898,
  "IMG_2659.MOV": 1.3760445682451254,
  "IMG_2660.MOV": 1.0938818565400843,
  "IMG_2661.MOV": 1.0320256204963971,
  "IMG_2662.MOV": 0.9966405375139977,
  "IMG_2664.MOV": 0.4568642160540135,
  "VID_20180529_112440.mp4": 1.8094262295081966,
  "VID_20180529_112539.mp4": 1.0737704918032787,
  "VID_20180529_112614.mp4": 1.2431192660550459,
  "VID_20180529_112706.mp4": 1.558252427184466,
  "VID_20180529_112722.mp4": 1.0402010050251256,
  "VID_20180529_112800.mp4": 1.1807692307692308,
  "VID_20180529_112828.mp4": 2.023696682464455,
  "VID_20180529_112849.mp4": 1.202247191011236,
  "VID_20180529_112951.mp4": 2.7169811320754715,
  "1.mp4": 0.42053789731051344,
  "2.mp4": 1.2521775197013687,
  "3.mp4": 1.2050251256281408,
  "IMG_4072.MOV": 0.391304347826087,
  "IMG_4073.MOV": 1.0,
  "IMG_4074.MOV": 1.3185840707964602,
  "IMG_4075.MOV": 0.8624,
  "IMG_4076.MOV": 1.8193456614509247,
  "IMG_4077.MOV": 3.267080745341615,
  "IMG_4079.MOV": 3.0252707581227436,
  "IMG_4080.MOV": 2.0384615384615383,
  "IMG_4081.MOV": 3.661111111111111,
  "IMG_4082.MOV": 2.842911877394636,
  "IMG_4083.MOV": 2.8228438228438226,
  "IMG_4084.MOV": 2.0193236714975846,
  "IMG_4085.MOV": 2.3157894736842106,
  "IMG_4086.MOV": 2.25130890052356,
  "IMG_4087.MOV": 2.5631399317406145,
  "20180529_112417_ok.mp4": 1.1534416826003824,
  "VID_20180529_112517.mp4": 1.4900398406374502,
  "VID_20180529_112553.mp4": 1.291497975708502,
  "VID_20180529_112627.mp4": 1.3448275862068966,
  "VID_20180529_112739.mp4": 1.539568345323741,
  "VID_20180529_113001.mp4": 3.241035856573705,
  "VID_20180529_113230.mp4": 0.3632075471698113
}