{
  "VIRB0391.MP4": 0.9039385206532181,
  "VIRB0392.MP4": 2.1021021021021022,
  "VIRB0393.MP4": 1.2351931330472103,
  "VIRB0394.MP4": 2.6875,
  "VIRB0395.MP4": 1.0141676505312869,
  "VIRB0396.MP4": 2.4002365930599368,
  "VIRB0397.MP4": 2.082660332541568,
  "VIRB0398.MP4": 1.5995500562429696,
  "VIRB0399.MP4": 2.4288563829787235,
  "VIRB0400.MP4": 4.462335216572504,
  "VIRB0401.MP4": 2.473716759431045,
  "VIRB0402.MP4": 2.522952295229523,
  "VIRB0403.MP4": 2.6484983314794217,
  "VIRB0404.MP4": 2.644616467276566,
  "VIRB0405.MP4": 0.848159509202454,
  "VIRB0406.MP4": 1.852773826458037,
  "VIRB0407.MP4": 2.9415637860082304,
  "GOPR5818.MP4": 0.4163934426229508,
  "GOPR5819.MP4": 0.019062142584826535,
  "GOPR5820.MP4": 0.30176211453744495,
  "GOPR5821.MP4": 0.9151098000655523,
  "GOPR5822.MP4": 0.1823245451169699,
  "GOPR5823.MP4": 0.19925650557620816,
  "GOPR5824.MP4": 0.2248663101604278,
  "GOPR5825.MP4": 0.5056360708534622,
  "GOPR5826.MP4": 0.10538045208532315,
  "GOPR5827.MP4": 0.48887434554973824,
  "GOPR5828.MP4": 0.2673325499412456,
  "GOPR5829.MP4": 0.3645266594124048,
  "GOPR5830.MP4": 0.021848739495798318,
  "GOPR5831.MP4": 0.06829268292682927,
  "GOPR5832.MP4": 0.46329113924050636,
  "20180206_111544.mp4": 0.49463806970509383,
  "20180206_111645.mp4": 0.7563291139240507,
  "20180206_111817.mp4": 1.5093632958801497,
  "20180206_111931.mp4": 1.3822152886115444,
  "20180206_112306.mp4": 1.0531400966183575,
  "20180206_112452.mp4": 2.1126516464471403,
  "20180206_112658.mp4": 1.2857142857142858,
  "20180206_112930.mp4": 4.865058087578195,
  "20180206_113059.mp4": 1.5937834941050375,
  "20180206_113600.mp4": 1.3027090694935217,
  "20180206_113716.mp4": 5.402797202797203,
  "20180206_113800.mp4": 4.421238938053097,
  "20180206_114009.mp4": 3.624338624338624,
  "20180206_114306.mp4": 1.4243697478991597,
  "20180206_114408.mp4": 1.0480295566502462,
  "20180206_114506.mp4": 1.8596153846153847,
  "20180206_114604.mp4": 0.8918918918918919,
  "20180206_114638.mp4": 2.6016073478760045,
  "20180206_114720.mp4": 3.0089974293059125,
  "GOPR1921.MP4": 1.6666666666666667,
  "GOPR1922.MP4": 0.0,
  "GOPR1923.MP4": 0.0,
  "GOPR1924.MP4": 0.1388888888888889,
  "GOPR1925.MP4": 0.0,
  "GOPR1926.MP4": 1.1944444444444444,
  "GOPR1927.MP4": 4.027777777777778,
  "GOPR1928.MP4": 4.805555555555555,
  "GOPR1929.MP4": 9.5,
  "GOPR1930.MP4": 4.333333333333333,
  "GOPR1931.MP4": 0.9722222222222222,
  "GOPR1932.MP4": 3.6944444444444446,
  "GOPR1933.MP4": 8.166666666666666,
  "GOPR1934.MP4": 0.0,
  "GOPR1935.MP4": 0.0,
  "GOPR1936.MP4": 10.305555555555555,
  "GOPR1937.MP4": 0.0,
  "GOPR1938.MP4": 0.0,
  "GOPR1939.MP4": 1.3888888888888888,
  "GOPR1940.MP4": 5.222222222222222,
  "GOPR1941.MP4": 2.9722222222222223,
  "GOPR1942.MP4": 0.0,
  "GOPR1943.MP4": 0.027777777777777776,
  "GOPR1944.MP4": 0.0,
  "IMG_3799.MOV": 0.6158940397350994,
  "IMG_3800.MOV": 0.06498194945848375,
  "IMG_3801.MOV": 1.0147058823529411,
  "IMG_3802.MOV": 0.2894736842105263,
  "IMG_3803.MOV": 0.26291079812206575,
  "IMG_3804.MOV": 0.8658008658008658,
  "IMG_3805.MOV": 1.0324324324324323,
  "IMG_3806.MOV": 0.6005917159763313,
  "IMG_3807.MOV": 1.0,
  "IMG_3808.MOV": 0.43429844097995546,
  "IMG_3809.MOV": 0.7425742574257426,
  "IMG_3810.MOV": 0.9391891891891891,
  "IMG_3811.MOV": 0.5736040609137056,
  "IMG_3812.MOV": 1.7087576374745417,
  "IMG_3813.MOV": 1.8272251308900525,
  "IMG_3814.MOV": 0.9,
  "IMG_3815.MOV": 0.9260450160771704,
  "IMG_3816.MOV": 1.2036363636363636,
  "IMG_3817.MOV": 1.4183266932270917,
  "IMG_3818.MOV": 0.5133531157270029,
  "IMG_3819.MOV": 1.2366666666666666,
  "GOPR1947.MP4": 0.0,
  "GOPR1948.MP4": 0.0,
  "GOPR2039.MP4": 1.1388888888888888,
  "GOPR2041.MP4": 1.3611111111111112,
  "GOPR2042.MP4": 0.10294117647058823,
  "GOPR2043.MP4": 0.0,
  "GOPR2044.MP4": 4.8040201005025125,
  "GOPR2045.MP4": 4.805555555555555,
  "GOPR2046.MP4": 2.4722222222222223,
  "GOPR2047.MP4": 0.4722222222222222,
  "GOPR2048.MP4": 2.2777777777777777,
  "GOPR2049.MP4": 3.388888888888889,
  "GOPR2050.MP4": 1.1666666666666667,
  "GOPR2051.MP4": 1.3333333333333333,
  "GOPR2052.MP4": 0.1388888888888889,
  "GOPR2040.MP4": 0.0,
  "IMG_9620.MOV": 0.5110246433203631,
  "IMG_9621.MOV": 0.4346076458752515,
  "IMG_9622.MOV": 0.7506493506493507,
  "IMG_9623.MOV": 0.23597678916827852,
  "IMG_9624.MOV": 0.7240740740740741,
  "IMG_9625.MOV": 0.5205811138014528,
  "IMG_9626.MOV": 0.40606060606060607,
  "IMG_9627.MOV": 0.8103448275862069,
  "IMG_9628.MOV": 0.31216931216931215,
  "IMG_9629.MOV": 0.8469184890656064,
  "IMG_9630.MOV": 0.47560975609756095,
  "IMG_9631.MOV": 0.2764976958525346,
  "IMG_9641.mov": 0.6283422459893048,
  "IMG_9642.MOV": 0.22727272727272727,
  "IMG_7842.MOV": 0.9924528301886792,
  "IMG_7843.MOV": 0.904,
  "IMG_7844.MOV": 1.0,
  "IMG_7845.MOV": 1.0,
  "IMG_7847.MOV": 1.0,
  "IMG_7848.MOV": 0.6715542521994134,
  "IMG_7850.MOV": 0.8981818181818182,
  "IMG_7851.MOV": 0.9927536231884058,
  "IMG_7852.MOV": 1.120754716981132,
  "IMG_7853.MOV": 0.1232876712328767,
  "IMG_7854.MOV": 0.0,
  "IMG_7855.MOV": 0.25957446808510637,
  "IMG_7856.MOV": 1.0,
  "IMG_7857.MOV": 1.8666666666666667,
  "IMG_7858.MOV": 0.08333333333333333,
  "VIRB0411.MP4": 0.927710843373494,
  "VIRB0412.MP4": 0.0998439937597504,
  "VIRB0413.MP4": 0.08997722095671981,
  "VIRB0414.MP4": 0.25407478427612656,
  "VIRB0415.MP4": 5.074850299401198,
  "VIRB0416.MP4": 2.2157534246575343,
  "VIRB0417.MP4": 1.2373737373737375,
  "VIRB0418.MP4": 0.9080717488789237,
  "VIRB0419.MP4": 0.9173228346456693,
  "VIRB0420.MP4": 5.908256880733945,
  "VIRB0421.MP4": 0.9545454545454546,
  "VIRB0422.MP4": 3.711340206185567,
  "VIRB0423.MP4": 0.9436201780415431,
  "VIRB0424.MP4": 0.419811320754717,
  "VIRB0425.MP4": 0.5762004175365344,
  "VIRB0426.MP4": 0.9923273657289002,
  "VIRB0427.MP4": 0.17136150234741784,
  "VIRB0428.MP4": 0.0546875,
  "IMG_2646.MOV": 0.5698151950718686,
  "IMG_2647.MOV": 1.0095969289827256,
  "IMG_2648.MOV": 1.0602605863192183,
  "IMG_2649.MOV": 1.1326378539493294,
  "IMG_2652.MOV": 0.9508196721311475,
  "IMG_2653.MOV": 1.7283621837549934,
  "IMG_2655.MOV": 0.25985401459854013,
  "IMG_2656.MOV": 0.7513061650992685,
  "IMG_2657.MOV": 0.9106719367588932,
  "IMG_2658.MOV": 1.6207430340557276,
  "IMG_2659.MOV": 1.862581244196843,
  "IMG_2660.MOV": 1.1065400843881856,
  "IMG_2661.MOV": 0.7646116893514812,
  "IMG_2662.MOV": 0.7681970884658454,
  "IMG_2664.MOV": 0.7149287321830458,
  "VID_20180529_112440.mp4": 1.6741803278688525,
  "VID_20180529_112539.mp4": 1.289617486338798,
  "VID_20180529_112614.mp4": 6.123853211009174,
  "VID_20180529_112706.mp4": 2.6650485436893203,
  "VID_20180529_112722.mp4": 1.5175879396984924,
  "VID_20180529_112800.mp4": 2.003846153846154,
  "VID_20180529_112828.mp4": 1.5071090047393365,
  "VID_20180529_112849.mp4": 2.0861423220973783,
  "VID_20180529_112951.mp4": 1.849056603773585,
  "1.mp4": 1.2665036674816625,
  "2.mp4": 1.7051016175860638,
  "3.mp4": 1.4572864321608041,
  "IMG_4072.MOV": 0.3385093167701863,
  "IMG_4073.MOV": 1.0,
  "IMG_4074.MOV": 1.3716814159292035,
  "IMG_4075.MOV": 1.1744,
  "IMG_4076.MOV": 2.0967283072546232,
  "IMG_4077.MOV": 4.840062111801243,
  "IMG_4079.MOV": 4.0108303249097474,
  "IMG_4080.MOV": 1.2435897435897436,
  "IMG_4081.MOV": 3.363888888888889,
  "IMG_4082.MOV": 3.3295019157088124,
  "IMG_4083.MOV": 3.501165501165501,
  "IMG_4084.MOV": 1.565217391304348,
  "IMG_4085.MOV": 1.611842105263158,
  "IMG_4086.MOV": 0.4005235602094241,
  "IMG_4087.MOV": 0.11262798634812286,
  "20180529_112417_ok.mp4": 1.4875717017208414,
  "VID_20180529_112517.mp4": 1.800796812749004,
  "VID_20180529_112553.mp4": 0.14979757085020243,
  "VID_20180529_112627.mp4": 0.29310344827586204,
  "VID_20180529_112739.mp4": 0.46522781774580335,
  "VID_20180529_113001.mp4": 3.235059760956175,
  "VID_20180529_113230.mp4": 0.5778301886792453
}